ImageID,Source,LabelName,Confidence
7183696068f904ff,machine,/m/01350r,0.602119
7183696068f904ff,machine,/m/013y0j,0.755861
7183696068f904ff,machine,/m/019sc,0.900553
7183696068f904ff,machine,/m/019sc6,0.80481
7183696068f904ff,machine,/m/01f43,0.77385
7183696068f904ff,machine,/m/01g317,0.766153
7183696068f904ff,machine,/m/01kyr8,0.75204
7183696068f904ff,machine,/m/025rw19,0.597896
7183696068f904ff,machine,/m/02cwm,0.662121
7183696068f904ff,machine,/m/02g49,0.65511
7183696068f904ff,machine,/m/02p0tk3,0.713332
7183696068f904ff,machine,/m/02p16m6,0.67886
7183696068f904ff,machine,/m/02tx1k,0.571964
7183696068f904ff,machine,/m/02wzbmj,0.521212
7183696068f904ff,machine,/m/036jvk,0.685731
7183696068f904ff,machine,/m/04_fs,0.653056
7183696068f904ff,machine,/m/04hgtk,0.713125
7183696068f904ff,machine,/m/04k84,0.838493
7183696068f904ff,machine,/m/04t7l,0.519717
7183696068f904ff,machine,/m/05wkw,0.620742
7183696068f904ff,machine,/m/068jd,0.869787
7183696068f904ff,machine,/m/06pg22,0.776858
7183696068f904ff,machine,/m/06wqb,0.502847
7183696068f904ff,machine,/m/09q2t,0.527124
7183696068f904ff,machine,/m/0dgw9r,0.717107
7183696068f904ff,machine,/m/0gjyk,0.821945
7183696068f904ff,machine,/m/0h8p5l_,0.628755
7183696068f904ff,machine,/m/0jjw,0.8043
7183696068f904ff,machine,/m/0p9xx,0.776871
718369f0bb027907,machine,/m/012v8q,0.712518
718369f0bb027907,machine,/m/015s2f,0.957733
718369f0bb027907,machine,/m/016nsr,0.595541
718369f0bb027907,machine,/m/017m8l,0.598147
718369f0bb027907,machine,/m/0184rb,0.78047
718369f0bb027907,machine,/m/019gvf,0.575662
718369f0bb027907,machine,/m/01cv4r,0.734906
718369f0bb027907,machine,/m/01cv98,0.807454
718369f0bb027907,machine,/m/01cv9m,0.912731
718369f0bb027907,machine,/m/01fnns,0.874999
718369f0bb027907,machine,/m/01jb4,0.925585
718369f0bb027907,machine,/m/01txr2,0.532454
718369f0bb027907,machine,/m/021krv,0.535279
718369f0bb027907,machine,/m/023bbt,0.957393
718369f0bb027907,machine,/m/025s3q0,0.707055
718369f0bb027907,machine,/m/02_ktj,0.643256
718369f0bb027907,machine,/m/02hnx9,0.710828
718369f0bb027907,machine,/m/02jvk3,0.525636
718369f0bb027907,machine,/m/02l215,0.969425
718369f0bb027907,machine,/m/02ntq6,0.861953
718369f0bb027907,machine,/m/02py09,0.96869
718369f0bb027907,machine,/m/02yybg,0.695621
718369f0bb027907,machine,/m/02zr8,0.907165
718369f0bb027907,machine,/m/03d28y3,0.986414
718369f0bb027907,machine,/m/03d74ql,0.859153
718369f0bb027907,machine,/m/03kj4q,0.892889
718369f0bb027907,machine,/m/03ktm1,0.983304
718369f0bb027907,machine,/m/042g2h,0.672949
718369f0bb027907,machine,/m/04h4w,0.786192
718369f0bb027907,machine,/m/05gz5,0.74829
718369f0bb027907,machine,/m/05h0n,0.97044
718369f0bb027907,machine,/m/05mk1s,0.893471
718369f0bb027907,machine,/m/05s2s,0.736318
718369f0bb027907,machine,/m/05t0z3q,0.912431
718369f0bb027907,machine,/m/06600f2,0.628043
718369f0bb027907,machine,/m/06cnp,0.865878
718369f0bb027907,machine,/m/07j7r,0.952852
718369f0bb027907,machine,/m/0838f,0.895822
718369f0bb027907,machine,/m/093shy,0.659107
718369f0bb027907,machine,/m/096xlh,0.938515
718369f0bb027907,machine,/m/0cblv,0.666627
718369f0bb027907,machine,/m/0fpjpt,0.568255
718369f0bb027907,machine,/m/0j6jq,0.67916
718369f0bb027907,machine,/m/0pcm_,0.52185
718369f0bb027907,machine,/m/0pvlz,0.852197
718369f0bb027907,machine,/m/0swq_,0.966613
718369f0bb027907,machine,/m/0sx_x,0.600597
7183725f8dd99997,machine,/m/01g317,0.931918
7183725f8dd99997,machine,/m/01k74n,0.942895
7183725f8dd99997,machine,/m/01kr8f,0.756273
7183725f8dd99997,machine,/m/0215n,0.981745
7183725f8dd99997,machine,/m/02h7lkt,0.724006
7183725f8dd99997,machine,/m/03g09t,0.574812
7183725f8dd99997,machine,/m/06wqb,0.597254
7183725f8dd99997,machine,/m/095bb,0.983446
7183725f8dd99997,machine,/m/0hcr,0.876333
7183725f8dd99997,machine,/m/0jxy,0.704849
71836d169b8f9995,machine,/m/01cd9,0.502223
71836d169b8f9995,machine,/m/01jwgf,0.73116
71836d169b8f9995,machine,/m/01mf0,0.757469
71836d169b8f9995,machine,/m/01r9v,0.669697
71836d169b8f9995,machine,/m/01t3_,0.673049
71836d169b8f9995,machine,/m/01zbnw,0.741246
71836d169b8f9995,machine,/m/029zz6,0.792295
71836d169b8f9995,machine,/m/02cwm,0.653676
71836d169b8f9995,machine,/m/02mf1n,0.821883
71836d169b8f9995,machine,/m/03gq5hm,0.830722
71836d169b8f9995,machine,/m/03scnj,0.522732
71836d169b8f9995,machine,/m/0541p,0.584048
71836d169b8f9995,machine,/m/05khh,0.688248
71836d169b8f9995,machine,/m/07c1v,0.830081
71836d169b8f9995,machine,/m/07s6nbt,0.9464
71836d169b8f9995,machine,/m/0bs7_0t,0.828752
71836c97a3206144,machine,/m/0175cv,0.651644
71836c97a3206144,machine,/m/01dgwv,0.543031
71836c97a3206144,machine,/m/01dqkc,0.966814
71836c97a3206144,machine,/m/028wlm,0.507404
71836c97a3206144,machine,/m/02cqfm,0.712519
71836c97a3206144,machine,/m/03mp1,0.572254
71836c97a3206144,machine,/m/03rbf6,0.695648
71836c97a3206144,machine,/m/03vt0,0.986331
71836c97a3206144,machine,/m/03xxp,0.93138
71836c97a3206144,machine,/m/04d01f,0.848697
71836c97a3206144,machine,/m/05nnm,0.683197
71836c97a3206144,machine,/m/06z04,0.595034
71836c97a3206144,machine,/m/088fh,0.756809
71836c97a3206144,machine,/m/09q2t,0.550793
71836c97a3206144,machine,/m/0b_l7,0.847845
71836c97a3206144,machine,/m/0h2mp,0.529238
71836c97a3206144,machine,/m/0k8by,0.568957
71836c97a3206144,machine,/m/0zkm,0.761251
718368fa04c1f199,machine,/m/01cs50,0.621488
718368fa04c1f199,machine,/m/01r1z5,0.624302
718368fa04c1f199,machine,/m/01ykh,0.966922
718368fa04c1f199,machine,/m/024h08,0.554311
718368fa04c1f199,machine,/m/02lggn,0.519678
718368fa04c1f199,machine,/m/02q08p0,0.982526
718368fa04c1f199,machine,/m/02vdjb,0.889084
718368fa04c1f199,machine,/m/02wbm,0.982939
718368fa04c1f199,machine,/m/036qh8,0.746551
718368fa04c1f199,machine,/m/03ly4k,0.509525
718368fa04c1f199,machine,/m/04scj,0.733634
718368fa04c1f199,machine,/m/075x8c,0.802178
718368fa04c1f199,machine,/m/07xgrh,0.904477
718368fa04c1f199,machine,/m/09759,0.803959
718368fa04c1f199,machine,/m/09g6ctn,0.802436
718368fa04c1f199,machine,/m/0g9vs81,0.874028
718368fa04c1f199,machine,/m/0jfd5,0.533657
718368fa04c1f199,machine,/m/0krfg,0.565868
718368fa04c1f199,machine,/m/0p57p,0.593292
7183710628715b5d,machine,/m/01r1z5,0.631022
7183710628715b5d,machine,/m/01r22b,0.548613
7183710628715b5d,machine,/m/01ykh,0.964034
7183710628715b5d,machine,/m/02kpym,0.7223
7183710628715b5d,machine,/m/02lggn,0.51578
7183710628715b5d,machine,/m/02q08p0,0.98747
7183710628715b5d,machine,/m/02wbm,0.977649
7183710628715b5d,machine,/m/036qh8,0.73189
7183710628715b5d,machine,/m/04scj,0.523736
7183710628715b5d,machine,/m/050gv4,0.535574
7183710628715b5d,machine,/m/06gpzn,0.634619
7183710628715b5d,machine,/m/07l2x3,0.656038
7183710628715b5d,machine,/m/07l8p5,0.533463
7183710628715b5d,machine,/m/07xgrh,0.906805
7183710628715b5d,machine,/m/0dw_m,0.535987
7183710628715b5d,machine,/m/0p57p,0.616411
71836ee90ba69420,machine,/m/015kr,0.594701
71836ee90ba69420,machine,/m/015s2f,0.8251
71836ee90ba69420,machine,/m/017m8l,0.910532
71836ee90ba69420,machine,/m/01bqvp,0.691125
71836ee90ba69420,machine,/m/01cbzq,0.539347
71836ee90ba69420,machine,/m/01f4td,0.700181
71836ee90ba69420,machine,/m/01pvk,0.586536
71836ee90ba69420,machine,/m/01txr2,0.598093
71836ee90ba69420,machine,/m/025s3q0,0.64044
71836ee90ba69420,machine,/m/02_ktj,0.551221
71836ee90ba69420,machine,/m/03h5wy,0.629909
71836ee90ba69420,machine,/m/03kj4q,0.912604
71836ee90ba69420,machine,/m/03ktm1,0.955282
71836ee90ba69420,machine,/m/05t0z3q,0.78976
71836ee90ba69420,machine,/m/06cnp,0.921487
71836ee90ba69420,machine,/m/07bsy,0.863936
71836ee90ba69420,machine,/m/07sn5gn,0.609489
71836ee90ba69420,machine,/m/0838f,0.932186
71836ee90ba69420,machine,/m/09qqq,0.607711
71836ee90ba69420,machine,/m/0btcr,0.528116
71836ee90ba69420,machine,/m/0dx1j,0.831546
71836ee90ba69420,machine,/m/0f0q9,0.582454
71836ee90ba69420,machine,/m/0j6m2,0.699474
